vm_id,timestamp,cpu_usage,memory_usage,network_traffic,power_consumption,num_executed_instructions,execution_time,energy_efficiency,task_type,task_priority,task_status
34fb87ab-b33e-41fd-bfbe-41e4bea022d2,2023-03-12 15:54:46,74.70623682451696,43.94319128854678,,,4577.0,81.14701744609712,0.2982531556810937,,high,waiting
c14bcf23-d143-4c84-88aa-ef3369bdaa11,2023-05-05 07:07:33,7.514805563612558,37.236228623028225,593.6398771143906,372.1265629210433,9796.0,63.79493998721093,0.0942271799930523,compute,medium,running
f5090368-8add-48d8-a254-76817c3384cd,2023-01-31 21:09:14,13.971618073201132,33.328020854535964,982.1957616189854,89.68205645545035,1554.0,64.92467774265033,0.959444567822867,compute,high,completed
04b764fd-3331-4180-870b-355b619a81e6,2023-01-24 20:23:42,71.11530076558768,57.46500576738226,38.9454436443819,333.4487582257303,6942.0,16.69281118415107,0.5632064279966725,,high,waiting
7de51ac1-ae13-49d1-a7df-7d6b712f543a,2023-06-28 06:26:54,32.26657594839695,51.340455366622685,268.41615090918214,194.7450205433508,2647.0,74.17065009939911,0.2905733330757032,io,low,completed
c2f67100-2d3a-4117-be47-95d84b6db9eb,2023-06-29 14:32:01,24.68866543977385,14.668132386794252,239.99564540378736,377.1940302969188,9128.0,61.64659347151241,0.06332062695450602,compute,high,completed
88f05800-7fef-4787-9b07-6019f7e5eca7,2023-02-21 16:41:02,53.85446089794409,20.21287351827987,195.49711155628157,128.58885655052998,7770.0,45.48225850727923,0.4079592986363334,compute,low,waiting
481b2759-7e0a-4c5d-8f4b-e621234bb3e5,2023-01-28 14:25:05,75.36699459071923,97.44205873374912,,112.46394446717328,8712.0,95.5084282724599,0.5712690758118653,network,high,completed
efc34ce5-1019-4332-8c8f-f4c1793b0b8c,,,11.877427169219711,810.5080021388285,,2214.0,47.78495049711543,0.5433516640730607,network,medium,waiting
c520ff64-7d3d-4a34-9f69-1ee39aed247e,,52.17176496178877,54.07253869044213,307.83744252734203,270.6121326770804,5525.0,78.56071212158027,0.684655430792134,io,high,waiting
bea259d5-d468-4e8a-9b39-3bd605faa9c9,2023-01-31 16:20:18,83.77918232109484,,,23.09358806986467,5896.0,88.39632550926252,0.362813788812263,io,low,completed
baf9a95a-2a91-4632-b2d7-3be521629f82,2023-07-16 08:41:22,,14.468503598509985,283.1623037459103,449.25316841517855,5496.0,57.196780632036706,0.7012935856404863,io,medium,waiting
d7a32f00-66fe-41f6-829d-35c7415abc20,2023-05-07 03:30:33,79.88788511079416,32.00959729921403,403.24115909231415,489.14375993925296,3826.0,44.666485814857474,0.5684478502098476,compute,medium,waiting
,2023-03-20 22:34:05,68.094951457053,51.9926672486786,974.7535446918832,,5940.0,19.537151739571122,0.41306068445389654,network,,completed
45e92bee-167d-493c-bc06-1cac5bc77cb6,2023-05-05 02:50:50,75.00002014557263,96.55233028384174,727.0865753571879,295.41026648492806,583.0,4.666067589106682,0.6004185540598909,network,medium,waiting
d03cfe2d-3ccc-466a-86c9-f8afcb64a1a8,2023-04-29 19:22:45,24.47394461981167,99.40843420967101,769.978736028956,315.5466717347089,1558.0,32.98492714113272,0.6132551725552964,network,low,running
59e12db3-d078-45f5-857f-4542c4c3d28b,2023-02-02 06:14:29,93.93103914722583,46.82385748373813,985.5308239802595,117.74433223726078,1951.0,20.12279624854868,0.5868265767261656,network,,running
4c19aa0b-5e51-4051-bfaf-bfbe7da46deb,2023-03-06 13:36:18,11.548255605131953,58.94796002575225,762.5195913686258,112.65664003176367,4674.0,18.56495700806682,0.014777286491915342,compute,high,completed
a873f3a2-b37f-4054-8791-a5b80b73e35c,2023-03-25 04:40:55,51.56041226945397,64.08311865614642,105.61925431337282,262.38103003320816,4061.0,80.21188026964711,0.8240765466595219,network,,running
6ec0c21f-c99d-4fe0-bbea-e83a348cf13f,,57.33865812814412,26.789521219624312,336.0545202728663,264.65651667990517,,10.702226986454056,0.359471318789497,compute,high,
2d1b6a50-e4e9-41ae-a525-83b0eb2af3d6,2023-03-02 23:55:13,70.31101387095273,96.95547670073637,498.08049109841346,,,15.437496729597843,0.6051663761798957,io,medium,waiting
1ce8c631-b870-4c16-9417-ec57010d7d28,2023-03-14 17:13:27,73.01048502863526,60.794347992519405,866.6492736895951,290.0038202269425,8386.0,82.5445601643223,0.7040345084735595,,medium,waiting
c3b42cf0-a1e3-472a-ba6f-b8b123d8827b,2023-05-16 07:44:51,42.25223335860549,93.34094419422262,254.08200387834069,260.26407092153335,7792.0,,0.4062031891218828,io,high,completed
b1cd2e46-dd7d-4069-9d22-737dfe425976,2023-05-29 05:31:08,77.94478432020905,58.27587652643788,346.2998768619595,149.30037205112,,13.826286529505294,0.5468523286339306,compute,high,completed
88d12a88-d4f8-4f4f-a5d2-9a8ad66f4132,2023-02-21 08:19:02,51.43464825106199,33.73328631835596,500.9402904936129,111.0570638897142,3176.0,43.266567935752946,0.21705916933775582,network,high,running
f6724edf-ffcf-4845-be8b-ddc39990ea7a,2023-02-08 22:57:11,,72.36384505023055,26.907265894533737,257.9400851641787,239.0,54.09638312896242,0.36811809129838136,,high,
f1544aab-271f-46bc-b852-067f9a497762,2023-02-23 20:51:00,93.89722746861065,,914.9629536488429,2.4943463733864135,7417.0,,,compute,low,
0dfe5614-5c14-4486-aa53-8a5363bee2f1,2023-05-19 02:13:08,49.94973998815787,45.15811872048475,761.2190053808736,382.6166744084318,239.0,37.74454146143057,0.6729362854304074,io,medium,
8c0d092b-aab5-4422-9fca-1e7f25f057c7,2023-04-06 03:07:58,4.520113290759187,54.22022045534418,163.52464635438847,,4478.0,6.028240932680484,0.760336944424335,compute,low,waiting
9c46c020-7e0c-4016-99b4-4531cfed9deb,2023-06-12 05:46:25,55.96229988644106,78.60612187047109,876.2301962689331,160.17762231515064,6291.0,,0.10464516363783594,io,high,running
f5d935b0-a60b-4591-b001-6ab6499cd862,2023-04-07 06:13:56,4.562398875246155,38.36600725779582,319.37095996419805,286.69561629432195,7942.0,79.23818932137961,0.7656817002994402,network,,completed
32234c53-7d4c-4059-9f48-e3befe00698c,2023-06-16 06:16:28,54.287791707860364,,667.9757250915952,182.075754441457,4279.0,73.63913576547057,0.9791360333034277,,medium,waiting
16a399f8-d76c-4bc3-8850-35b2dbde5b56,2023-02-21 10:55:42,56.145675289398625,65.25386917820542,368.45133370936423,,,67.17529237523449,,io,medium,running
c77a4eaa-811b-432f-a0d7-e64177d3d01c,2023-01-15 02:36:51,23.785876687737318,42.04699013946057,159.58578360929576,436.76282014697335,1709.0,22.708258865750896,0.11641243261657241,network,high,completed
d66cff2c-2c8d-4436-9c5b-4efe1e3e3318,,25.32569366187386,52.02719688381434,737.3711128001718,468.68525349307356,6642.0,23.165904469575427,,network,medium,running
f6bc9f76-722d-4e2d-aa4f-fbdcd84c31e0,2023-05-03 05:22:41,29.853515793012765,9.483052085082932,921.2596267110615,8.6547551954127,9582.0,91.30135615916893,0.8307448822678398,,high,running
216799a2-6860-49f0-8316-3861ed370822,2023-01-08 09:53:09,16.436060914159523,74.14187073893814,182.331853087355,322.15088869439063,8722.0,17.56002654266099,0.4189589844512954,network,low,waiting
77f5fd7b-ef1f-4180-ae22-ba1e458d3e55,2023-05-26 10:39:36,69.94214471518804,66.70737566135688,656.7009374807576,140.2246872006139,7173.0,54.488334133192375,0.8297991435679577,compute,high,completed
65fdf936-3e9d-465d-a833-b46564712cf6,2023-06-16 05:21:26,90.08974117634777,99.77831181945741,198.8870296738776,49.576611131951886,811.0,81.95153044717469,0.10604563003329404,io,low,waiting
74d6badc-5736-412e-8bcf-3a644e7ebad9,2023-02-19 21:43:38,18.30905832092694,38.26831716912517,31.215724116794963,478.01418143811895,3751.0,22.631130255558418,,network,low,running
7c946ae1-dcd7-419b-9176-5b57d9ca0f31,2023-02-21 17:05:18,37.753029072990266,4.038485385114965,621.8189384656499,,6599.0,,,network,high,waiting
d6de3152-8c82-4868-acb9-83ca1d137dd1,2023-05-26 04:34:12,65.24741559469915,38.20228643251341,336.8116079718718,1.7864793360502507,4233.0,2.097907221207851,0.721168494878713,network,low,
,,94.53004957004977,64.15072125250339,401.30252043106907,209.75939165234885,2471.0,84.01373588344205,0.6966930189618906,io,high,running
174016f5-97ea-4703-8d70-85000d931673,2023-02-15 04:14:49,78.20498472236704,,566.0445291631548,213.9776505370243,3556.0,34.15010563526584,,compute,high,completed
5b50e98f-0abe-4b9e-8cdf-e91094cdc909,2023-03-09 21:08:29,83.83448609353609,10.390448660064077,190.70404913705352,51.04475904575245,2368.0,81.3660474073042,0.05335227472485182,network,medium,waiting
af394ee7-2dc4-4837-8de1-ad7c4d0999f6,2023-02-07 22:06:59,37.67443679438875,91.08115900296188,974.7819496472569,203.36648570034944,,85.70596978344788,,compute,high,waiting
634d1557-db01-4344-9d6a-091563b07294,,86.2859187819149,,378.55124575542396,203.15496785901976,6372.0,14.975425639521811,0.5506663622401757,io,low,waiting
5184d6f7-f685-4fc8-8a36-fd773ae8c7ba,2023-07-12 17:24:39,12.428971626908025,15.534358959156991,645.166487806708,445.02189085401454,326.0,23.143417872071236,0.7251438509214,network,high,waiting
ed9317f2-9084-4323-a0ed-818a8afc8d94,2023-01-17 02:36:16,52.47337202823199,36.739302575600604,62.42673434211665,58.56552064245935,3735.0,87.90846567646344,,io,low,running
7f0f6425-20da-4ede-beb2-e246628a3af1,2023-05-31 03:08:08,64.5271764254535,65.04450057920916,612.9164067516929,266.02219523673926,3775.0,51.348843808285736,,,low,waiting
1f87b270-fb83-438e-bd01-7532d0d9b7ad,2023-06-06 11:59:37,95.4289493723858,47.53094753427914,316.5689482776177,108.84215411613857,,71.27013788429576,0.5940419367136336,compute,high,
acabda35-8b4a-4097-8938-28f5e6d2ea7a,2023-07-01 11:36:59,68.37692042874602,40.18468949801852,581.7540992137513,79.9507409818735,,56.765459312275205,0.7032909442241024,io,low,running
4f598009-6f1e-4913-b486-c584fe36e7f1,2023-06-07 04:56:45,74.34361518747508,87.26420189004858,779.6696153345965,365.4900346613459,5542.0,39.15175125130388,0.36691312888623095,compute,low,running
,2023-06-08 21:41:56,11.008179208239078,16.55629185245887,,400.91872419759346,1166.0,87.12055771088478,0.9323045776968326,io,high,completed
26b25c07-1784-4638-b0e4-f98acbedc910,2023-04-05 03:53:49,91.3940637660382,3.8542796305498617,,25.6774527076577,5065.0,94.43671431670705,0.2358562525947634,io,medium,waiting
68cf8221-c0cc-4d73-8422-7005ec91713a,2023-05-26 08:04:15,8.721580027290276,66.48335014821888,,317.5119168830971,1088.0,72.02451637656529,0.24535492990172403,,high,completed
,,57.52229682763491,57.91375383009674,,281.47930801144804,8268.0,23.17894651563731,0.2048323893323971,compute,,running
5853a409-e0f9-40d3-913b-66a1170f41e4,2023-03-15 02:08:24,40.477875815811124,54.08793892421809,,411.71000323020434,5923.0,61.512036187001684,0.22781209780566414,network,low,
1da4bfdb-36b2-41bf-99eb-7bde864321ba,2023-07-10 23:52:02,29.167058036774307,62.8348510158226,117.50307649689906,369.06571692054484,9352.0,18.041429417156184,0.1293624442901148,network,medium,completed
,2023-05-07 00:28:38,45.05725469270496,9.430245699328532,536.4676810434614,,4047.0,20.2176909405313,0.7049524622099894,io,,running
411fb19e-5656-4e00-b549-2064618a4a64,2023-05-05 22:12:39,,64.0935545981116,268.91083249147107,246.0286552824472,2658.0,11.839231498338176,,network,high,completed
1faf62d2-4a36-462e-8098-04296fd97d22,2023-01-28 13:39:11,57.72581236420158,11.09405458319782,988.7086373663407,296.56674710428865,4105.0,,0.28678170429234207,compute,high,completed
,2023-03-11 15:28:17,78.4363544653362,40.320424382382434,271.3038130052472,264.1729291018386,6908.0,21.032540883313132,0.32711603825189306,io,high,completed
c1fbdf9b-9bd1-41e3-944c-7e5cb1ca7ac1,2023-01-31 04:50:37,81.28097485874292,50.31620390582465,792.7558443436058,101.72038461381806,1210.0,,0.8265681621577189,io,low,waiting
21e460c1-2c4e-45df-a5ee-961dcddfd682,2023-04-26 14:35:25,25.980961528571843,42.7883435768313,193.16576731319867,253.23522877912436,7325.0,96.25598959682415,0.5643271772416778,network,medium,completed
7f34b12a-9ded-4f4d-bf51-ec205d25dccd,2023-06-28 21:59:04,43.13496082320446,81.55340727912113,855.2977177994303,403.44031434840196,3746.0,,0.3490376630560318,network,high,completed
c633c595-9415-408a-823d-e8199999d8f4,2023-04-18 18:48:27,40.817977197760214,33.86999996764269,807.0858775792107,436.9764474125562,,35.03398259553091,,compute,low,running
710db127-1c1a-471b-a0a6-ce710f8cb6a8,2023-06-28 15:35:44,33.90781705400878,82.72930688233158,,42.817425868550586,6575.0,95.14691875496301,0.9946220200898578,compute,low,waiting
72919165-bcd3-4719-a45c-01496f57b340,2023-07-13 11:20:38,3.7221230023647633,63.05637948072842,565.6078714871147,0.2798025912411628,6417.0,17.910148042266805,0.12000733462741642,io,low,running
d026e50e-22c7-4d7b-8d4e-eb8ea64e0f41,2023-01-19 13:32:43,92.17336673098927,11.046821657789142,730.5499386312422,17.910366807108446,1906.0,87.09829324435631,0.752761225071506,compute,high,running
f565571e-c9da-47aa-bc47-291217435902,2023-04-29 07:21:06,37.89428860689691,10.60421475909864,250.46651015930644,434.449909429307,969.0,85.40285004942058,0.5356990423953233,io,medium,
cf76e254-cdc7-4cb5-97e2-3051bf9aba23,2023-05-09 00:17:50,89.72039027793677,2.567424351417902,107.09021348683822,,,86.20185367986119,,io,medium,running
e6a9689b-ea85-4afe-8e87-2568191659d5,2023-04-15 09:11:38,66.06550799084442,96.51231219367527,5.729304975037652,247.81624411753995,,26.124157021483807,0.7289592190767693,io,,running
17e66b6e-b4e6-4ca5-ba5c-583bc2c860d3,,64.48485743045131,0.2786712854590978,353.07659597910936,94.94300449453358,624.0,20.192031043626045,,network,high,running
0d8e9480-3dc1-4f0b-9cc0-5488596e6d95,2023-03-28 11:01:14,99.48319792986268,22.47753606858307,147.09528836519826,258.6077096802311,9698.0,,0.7568818426072543,io,medium,running
cce195ff-20b3-4288-b98e-ffa458d2b244,2023-07-13 11:18:18,62.448327895566614,22.9141427329957,711.1572727604467,227.9766660528741,,69.98250559180832,0.8289663513796752,io,medium,waiting
80cbe2ce-65a2-4904-9820-49c236d9dd6d,2023-03-01 06:31:29,68.44102690015703,46.69808355669469,133.07997516258774,29.647202345785384,3653.0,39.16460499435706,0.30878806825743244,compute,medium,waiting
d075a942-9afe-459c-950d-a6af8ec92305,2023-01-12 03:39:12,37.36318755430476,66.46342167766511,883.4982421831032,87.89778861788238,1485.0,,0.4497092951194167,io,medium,running
13c574e3-404b-44c6-9c63-b1539c1d9e60,2023-02-16 04:08:28,55.94980458604116,5.081570744702002,330.52208752833303,,8718.0,50.746701993015094,0.1143380631012515,compute,high,waiting
,2023-02-25 17:14:15,39.98703006635272,,945.9664974203787,488.9873631421911,3646.0,23.43208221596115,0.8741123751516263,compute,low,
a1f43fb0-8cb7-407e-ad2f-9ec70965e0f7,2023-04-05 12:49:02,96.49013220120499,,283.4551696215298,445.8641064529515,7333.0,53.842998505000224,0.057862193033884846,compute,low,running
,2023-04-24 05:54:23,,51.8194532519085,,279.43769305302254,846.0,97.721324954552,,network,medium,waiting
7121a7f7-0d63-4f0e-ada4-87cd684c0117,2023-07-18 22:01:46,33.270607786190396,62.8304461579361,216.65609850271372,259.83521507336627,8110.0,20.159825744879644,0.6023206406686162,io,high,running
0188c009-308c-4fd2-925e-a55c3992ce0d,2023-06-24 13:22:11,51.52161268572104,35.48679579216151,741.2595924157733,299.05320521946874,1609.0,0.7607448688802476,0.7733556392384034,network,,completed
fcfa7df8-2776-4254-9a0c-9f75397148a7,2023-05-01 03:46:31,,43.86684368281423,312.703049204346,11.3978080898689,865.0,,0.3898992782851334,io,low,running
2f99e930-6e57-4713-a569-089281397168,2023-02-10 00:13:05,37.28252435608592,57.72816347936688,481.9844935634502,186.73482976088562,7619.0,99.62521757147775,0.47092811393118006,network,high,completed
4dfaf36e-7e5d-4f5e-a467-1f19235833e4,2023-01-12 23:00:10,5.913011312873751,95.35173402610805,929.02162528908,155.26540815420665,5087.0,,0.7435037045505064,network,high,waiting
1c529f19-01ad-4f4f-9c70-85e4e7d16a22,2023-06-16 18:04:12,1.9259915417314866,29.74923800002801,803.8464855215728,300.19389720033223,7307.0,29.976004758808592,,network,medium,completed
8e4feb3e-eaa2-4752-b3b7-cdd0f0488c0b,2023-04-19 15:30:43,1.9582920594382491,96.1777696784278,,284.65201129675796,8465.0,40.70299590495863,0.8137411580412335,io,low,running
,2023-07-06 21:58:01,42.449295900145515,,985.2692993620965,242.2564075847989,9859.0,49.742815677914805,0.49833445817892497,io,,waiting
0699f12d-831d-4beb-be78-cf5300ec56ab,2023-05-16 03:39:16,9.763671651376848,27.839182194100477,960.1286133903646,180.47994948604563,1638.0,46.32523262735616,0.7718908844722916,network,,completed
9fc8cf25-ceba-4421-8d53-49abea18a4b3,2023-06-08 13:15:27,47.910323911030936,47.16301263759558,,96.26172571791113,,49.96309884673197,0.46576649435294926,network,high,running
46fad24e-b3de-4c4c-bcd9-a1ecf8be2742,2023-05-03 18:00:14,86.14824576166875,61.84314357589889,942.8988099854733,204.35684520187047,,87.19860162526992,0.7781756452487705,compute,medium,waiting
e74ca8fd-3240-4afa-b718-29221c4d283c,2023-03-09 13:01:59,65.45403713682546,91.7941908925243,,209.19279611394109,6536.0,,,network,low,waiting
a7e3e918-00b4-4cb2-8dce-24654d4057d6,2023-04-17 03:21:37,90.38010490615406,98.51116047202457,67.28229781165473,124.03132511911369,2457.0,64.18704562336225,0.24499772252551222,compute,medium,running
,2023-03-24 10:35:16,46.71324892261259,82.29564662003303,457.87994689540966,485.5590989482619,9992.0,,0.6945377584327497,,low,waiting
9431a755-f9f7-4ac4-92b4-c4075e116e23,2023-01-17 13:12:40,67.21285522379094,57.41418022474471,926.0576890391529,441.3459175748868,4335.0,81.11836917000291,0.8850596840159031,io,high,running
,2023-07-13 02:34:43,67.55057777476485,38.90363516179099,,,1371.0,,0.6725173482507868,,medium,running
4683f4ec-1fea-4991-96dd-e9306e8e39e1,2023-03-18 21:46:24,33.83717759286671,7.70139811803785,628.4671310319521,295.88000224985825,,31.026093780165166,0.8837804498593131,network,low,completed
3d2d70e9-f784-4f8e-89e6-8a587bdffe9c,2023-01-09 08:02:20,15.30261238084657,79.75532341405508,813.9285354191796,472.62470171368045,1431.0,5.395048735643748,0.8498346299410006,compute,,completed
1cd4bc1a-9cf8-44e8-8634-d3376ed8d5a5,2023-01-14 22:11:52,35.561546285937986,66.39413066048117,728.3552415879745,382.53006348542135,1421.0,9.179465240933272,0.6015431733455481,compute,low,completed
8b7df934-6337-44d2-b4d7-321e7bacc45c,2023-05-07 18:01:38,20.630059188372506,95.94880866584583,839.5384032025878,422.48314333795406,8361.0,33.79251237969954,0.44141205308430964,network,low,completed
55f47762-ca9b-4e7a-94b7-d32f5fbf1478,2023-05-22 23:13:19,95.15999728899578,33.922590483570566,11.943112372692744,40.11246504676619,,,0.24757223299850828,network,low,completed
50a3ae13-c809-46e0-bf23-7676342fcfbc,2023-04-30 21:33:03,14.841382509805424,6.234653790455624,417.9537335917971,416.6434796750922,7245.0,15.49293075006377,0.33529453103961315,io,medium,running
0e92d24d-1941-40e6-a5b6-a2cebad9984f,2023-04-15 06:41:29,,88.81094538213674,,47.39020304987546,2309.0,,0.7722057647993826,network,medium,
,2023-03-28 17:15:16,44.256862466592615,87.45525024902153,9.27043967446728,,757.0,72.52012736226365,0.35574961283473894,compute,medium,completed
5b878f0d-b19d-4039-98ff-58237c6808e1,2023-04-30 20:45:14,66.21876436071763,9.181032307978377,93.02892940913642,354.6005119579021,2447.0,33.2801530275412,0.0689489935026164,compute,high,waiting
189fbee9-8acc-4f95-9839-48bed4c3d881,2023-02-11 16:47:44,,47.35369097248962,344.92054736522107,104.83266959091786,2281.0,37.932159218643655,0.45022820956066834,,medium,running
7e028886-3f77-4d6d-991a-12c485386e30,2023-07-07 17:07:42,3.558068310664142,76.75363806727881,893.5912285216552,220.54793844572086,7116.0,75.51786599982617,0.24812509799900895,compute,high,completed
,2023-03-25 16:15:52,36.56307700202163,90.81481605378092,55.41972585408905,,5859.0,50.97312925391987,0.35026323361117073,io,high,
a65d59cb-9993-4d69-8597-313de564559e,2023-02-11 21:40:10,37.79657888842235,41.891223160577205,740.4593100842078,103.13396216950443,,9.284538041745517,0.5109060889185303,compute,medium,waiting
8baeaa7b-13b2-4376-9f40-a620f1482c70,2023-05-18 16:07:16,94.30905881114205,42.250157065675175,138.24559221933185,192.62344844813896,1375.0,44.53794064554334,0.3541444592822188,io,high,completed
a64ce3cc-8392-45d2-ab06-a229ba407829,2023-06-21 22:48:17,77.92767744376097,72.73986362672753,733.6588897932462,82.3833333209823,5140.0,70.93677521758099,0.7506019066954672,network,high,running
da3f8092-c771-498f-8a39-ed7217e847d9,,74.92217327585603,94.29255008839134,712.4434743551557,270.79869483109263,8422.0,42.02866997062231,0.24210518258916391,io,high,completed
62c49d36-ebf6-4baa-9e96-1dfc6af2a743,2023-05-17 07:54:49,89.7138072587635,46.17763421268061,109.05939851017021,389.69812793268534,3921.0,49.448207101336884,0.2862960472183018,io,high,running
,2023-02-01 11:13:23,34.05584982474048,55.66501638747713,589.1611714125762,261.2589860587079,,85.3562277207018,0.5415145847241646,network,high,running
a8e60bb6-1ac7-4f81-89e8-c8b0af5de3db,2023-01-29 00:53:36,74.41035544046102,11.13587932500848,385.6038639908612,59.71079727223177,4249.0,65.98767747077949,0.8920091406074299,network,high,completed
e2e863cd-9dc7-4388-920a-c20a5192c7a3,2023-04-14 08:25:40,78.53595378496644,,153.0949023689966,51.689462016343334,1319.0,,0.41224764302031935,io,medium,waiting
d6bd0f4d-1070-452f-a8fb-ed48096b526f,2023-02-16 08:56:26,30.61444612943096,49.74991684471459,725.3270250505615,238.97391624751018,2382.0,42.65898033758003,,network,medium,completed
47d964c7-0010-449a-b178-4e4827859ca0,2023-04-05 09:11:39,,89.53348945480188,,,6541.0,32.98053333240134,0.8952153977276766,compute,low,waiting
b6205f54-4ffe-4409-9044-46f7ea9b68fa,2023-05-20 00:36:15,29.86236999480222,18.024351122747916,0.12535223790621774,330.1184532606134,668.0,79.36114482702831,,compute,high,
833791d2-1f01-4403-84b4-d4c19dac34b2,2023-02-04 11:19:12,81.68811680520851,63.05017888256288,973.0328879785895,,9618.0,96.14644789224204,0.38910517520961907,network,medium,completed
065f5b71-d9c8-42bc-ba93-535a7c4a4e49,2023-05-25 14:09:56,61.22592653951907,6.813787557764705,6.333057500427675,282.461527630858,9493.0,90.96895749645918,0.3699623582061138,compute,high,waiting
,2023-05-03 07:48:13,90.53921618467209,16.176593345816226,354.65907178015,213.72009933925224,555.0,55.0266726490437,0.20452681300194075,compute,,running
fbee6e46-9f6b-4f41-ae69-12a2f23d3328,2023-03-19 23:26:10,19.61698099044453,42.62213596187857,534.8521826661595,355.01307690437466,4609.0,65.10317649743268,0.2949681346697207,io,medium,running
e7a1494d-1342-4f9f-b0e7-07beca86529c,,44.65949939992361,33.29057806558997,863.4133892544631,451.13368842852685,8866.0,1.3296131747449813,0.5220988725997946,network,medium,waiting
44dc90ab-3148-491a-96ea-bf568fad9829,2023-02-25 02:10:40,52.29688929757095,59.17426735310502,151.30485051137444,101.8060797483416,6290.0,17.410050668403088,0.6611453918962164,,,waiting
ae09c057-dbdf-4cf5-96c9-a9e90fe4e4ba,2023-05-16 20:07:01,81.7206884049964,35.05054153077921,797.6807210175912,,1281.0,,0.17955382418554877,network,high,completed
8c148f8d-4d58-4466-af86-7df200af1cae,,91.35862167825562,36.82012796755506,354.994155033891,206.93515854263583,3966.0,48.61772589951244,0.6017553863939069,compute,,
3556124c-54f3-47ff-b960-a164543a5fc7,2023-04-09 21:17:51,30.427695567949176,27.36508211587385,408.20226855844265,122.7993354859777,9544.0,99.21810072341248,0.19545070566501488,,high,running
26131da4-2007-4299-aa80-5b56c13a309b,2023-06-03 06:10:53,38.295502650361314,53.852783801529434,589.494834482646,454.18261319468417,1919.0,19.304216641613902,0.627348460362844,network,,waiting
eaeb1c2e-b351-40dc-bbec-9ad41c8589db,2023-02-07 13:09:25,41.06268006921784,29.486441501767725,848.2559317511596,400.64963759860075,5944.0,45.692665904727534,,compute,high,waiting
1f7b2162-1f90-4ba9-9068-6a740b811456,2023-04-20 07:39:03,,19.67367679936244,250.769788273714,22.03957996383499,2017.0,44.06285302867173,0.5558729478394038,compute,,completed
549124bd-2a74-4e86-a672-38560217e07b,2023-01-14 10:25:54,98.16041659341899,75.9616573369462,305.9445956887503,278.88657515130956,688.0,54.02281734667954,0.5231397953924238,network,medium,completed
5dc9c7a6-d105-4a66-b1bb-9d0f3020b75a,2023-02-17 08:44:58,63.497002406958046,87.23636347812955,968.7869439594662,39.51216670906832,6973.0,42.81919901733819,0.8192305850761572,network,medium,completed
d9caaab4-368b-42fc-9fe7-7aba4c0daf50,2023-01-03 21:22:43,13.829227688141732,16.57570394015537,,32.97525852896727,5396.0,,0.8988195155703892,compute,low,completed
86d3f332-337a-453e-b9fd-2a679872da9e,2023-02-24 22:38:00,67.25756298213504,,958.9482405712839,303.2299157286966,5295.0,,0.3400615518475725,io,low,completed
68900dfe-0a2d-48b1-94d8-d346c08b0c58,2023-07-10 01:55:58,9.937339997722184,53.071894998029954,55.144133562534556,171.09681670152023,3160.0,66.8101245581362,0.10323877660928649,network,low,waiting
3040abbe-3e8b-4ca4-bda8-b565319586d2,2023-07-17 13:36:41,70.52130843220252,35.86013206454513,474.6655669763474,425.7037597283645,4047.0,46.08013842303862,0.9060565104712024,io,low,completed
8779b0ab-6ae0-4379-bb8a-d5bd843ae84c,2023-02-17 04:01:12,84.29211072687963,,900.7674354090648,94.88259539478405,9244.0,89.39955129233367,0.8123974475010703,compute,high,
7cbf753f-0f3e-46a1-ae4e-4a3719f2bfe3,2023-04-25 01:51:29,29.30582432585237,88.17704893528658,730.6085162160094,317.5240547022928,7554.0,47.41755105648067,0.03481134912357475,network,low,running
57e67c7f-a6ad-4760-baf8-e0dd2c694579,2023-01-03 03:48:52,77.1981192082149,32.78609467692946,766.9032710110303,446.7419554003919,7503.0,67.01770515384085,0.3843366362017785,compute,low,running
90745c5d-1000-45f4-a748-33b0502c8f6c,2023-04-09 03:12:27,9.95951240696935,,362.24716744654427,90.1118263943112,1385.0,81.49783502675514,0.46663489728027796,io,high,
c7350c85-d58a-49c4-aa91-c28e801437e7,2023-04-22 06:13:08,47.873294140099745,95.85756427839058,435.8252849277324,192.3746797555687,,4.900342000233071,0.4517548209027068,,high,waiting
76f076ed-e820-407c-9c5b-a5b602a02774,,,46.818094715232625,296.0924452491763,108.70256094456077,7882.0,79.24145399871371,0.1377003082373669,io,low,waiting
389cbb49-e49b-4a73-a360-055057f313a8,2023-07-12 20:34:24,49.09128886585115,31.220547082568906,360.84517375345484,247.66121839230127,9843.0,44.52518447519388,0.74305340522284,io,high,completed
4119e69c-9ff8-4ddb-ab46-a3fef5124482,2023-05-14 18:43:18,74.68559334151689,34.690041148462825,377.65540064862245,245.5759190771009,2615.0,78.76878333599777,0.5904509698687177,network,medium,running
b5808651-f87a-4909-a8b6-fca330aa7044,2023-03-09 05:14:46,61.1992382764093,37.226907806406594,803.3159275991486,81.2123511304842,7431.0,18.775666599103392,0.5936148052625226,io,medium,running
e822265f-b533-4c2d-915a-b89332bea91b,2023-04-23 06:27:57,85.12860798602661,61.16329543335139,22.78266187182132,,7870.0,12.393994554411158,0.18912030429718196,io,medium,waiting
2a063526-aff5-48be-8fde-20ef9372ef01,,97.60758336997206,81.1832242514759,346.9597715247493,33.01075987723395,7072.0,,0.36118207621831866,network,high,waiting
0f6d6ed1-067c-476d-873f-afa377f8dd26,2023-04-12 13:52:56,58.31577897882774,70.37969219450956,278.21703662694654,120.65017997224936,9873.0,63.98674814696056,0.2807939520966064,compute,medium,completed
32a2189e-d6d7-4192-81d0-03a0b9852c40,2023-05-07 18:54:52,16.026749634864412,9.621545855955393,,163.47896997811827,5058.0,80.15494378565312,0.13434269271596821,io,medium,completed
3542c4a0-c787-4564-ae3e-540637b3c906,2023-02-26 07:13:03,35.80984488491799,77.4899214920707,,440.7900060340949,9350.0,52.76273468525127,0.05134757646928789,io,,running
af72f9aa-1a23-43c5-933a-cb8f955832ef,2023-03-11 21:36:14,41.38789875195374,57.27571707748581,797.4624047777413,11.135896842368487,768.0,64.84715966519164,0.1286965131008616,compute,high,running
316f8fc6-46e7-47dd-9b6b-ba6fe480b22a,2023-01-23 03:47:30,45.249848372161864,97.53433763725097,295.1091472449322,227.1180868201778,5681.0,10.030758702156783,0.5836329067859654,,high,running
b256438a-ac54-4856-a18c-d2541854661c,2023-06-04 14:11:14,,51.52006901515185,46.51992152525908,204.00380338526182,3440.0,21.577375555698207,0.8393376799544293,io,low,waiting
9a632d34-22df-471f-be42-f2afa7fbbe1a,2023-02-07 13:19:42,,32.95666074410257,746.0155109789077,102.51449016847397,8533.0,70.58420745738869,0.21441081442640597,,medium,waiting
00a09276-e748-444c-8b71-bd293acfdec5,2023-06-03 00:57:05,81.90949971454833,78.93177240030484,139.49171830328945,202.27415505954366,4173.0,30.48047262517518,0.976587629130237,network,low,running
dee018ef-8124-497e-978d-f842e9ea3f5b,2023-01-16 20:01:49,32.03336584217127,44.684134895041694,593.5485705697872,107.24277519825115,2693.0,34.00728929697515,0.45157102266049853,io,low,
d6366f42-8e9c-4219-93af-42d80496692b,2023-01-27 01:35:07,62.68613187318128,84.18447458745324,941.690033714494,95.27860951522588,6814.0,85.68644982597914,0.9286690771425458,,medium,waiting
65493633-ce6d-477c-bb32-db0d9c69f9ea,2023-07-15 21:08:07,31.542401599073088,16.803565313152934,337.9565602931891,,6370.0,51.54314588852991,0.9590346054156852,io,high,completed
3d293dfe-25cb-404c-9f72-a006fdb0b4e2,2023-02-11 14:18:43,9.0360012690466,,877.9377416101709,376.0610371292342,5427.0,88.63142411413388,0.24024026197827641,io,high,waiting
2ea57940-9c97-4b0d-8d85-e079d5b3d7eb,2023-07-10 21:19:55,22.751030809414953,87.03490214868395,424.6333555180476,32.2328211198466,7822.0,95.9609570593828,0.9140460055418942,compute,high,completed
2e39c917-22c0-4b7a-b55d-5d26571130a8,2023-01-09 19:18:23,78.12995272918891,79.7554428104974,255.7140842338349,,8236.0,31.260278343416125,0.3677422494310272,io,medium,completed
3df8056b-03fb-46fa-b0dd-ff8b29213ac0,2023-07-01 23:44:39,13.221893502326786,56.20579061046974,,487.4188210819601,5813.0,43.54345221745737,0.9793308386556937,compute,medium,waiting
7f2c62d5-b436-4154-9902-4fc4be2f269c,2023-04-16 18:16:54,96.9136961670741,15.217359026564825,293.1018680822898,26.984682830642427,5274.0,69.84682718821993,0.5507805343298388,network,high,completed
d80965a8-3df8-4976-840e-70de3ea757f4,2023-07-14 01:46:20,82.37165713483238,25.079177740137748,757.894313319677,173.1023934103802,3552.0,57.12826112954835,0.36043784685968905,compute,low,completed
42024b19-5730-4f62-9fac-ef2d5fe72d40,2023-02-26 20:42:57,61.91890637945103,84.58217185193247,913.801306490883,476.19851417087204,4722.0,88.47807953348071,0.03506702490946578,network,medium,waiting
a3e6c00e-bccd-42d7-91d0-e2c3f5067e01,2023-01-13 03:15:49,24.045094804328958,91.11779685548068,880.9385893322421,457.57524404315694,3571.0,,0.5220267572851829,io,,completed
005f139e-15ab-4d02-9c1b-cdc3630544bb,2023-02-08 10:09:43,21.203770178031156,,987.8103661274343,10.022550888777793,7275.0,1.414477658394786,0.46756786601680345,network,high,running
f47cb518-896b-4944-981d-a0c5e09bb74c,2023-03-27 15:31:09,88.25079182002948,33.68436218029179,979.9660302887111,386.0451887184751,841.0,92.14380380944402,0.5845611122675592,network,,completed
aa0a1740-a03f-4550-b231-187ecd42658e,2023-05-18 10:10:10,36.93197894933831,81.68785783198915,953.230069157433,458.83900977818143,7059.0,20.57679527578936,0.954263431653774,,high,completed
20780c9a-8c91-44b0-9c9f-a3aaf7382f74,2023-05-16 07:14:13,95.58606373619783,68.46698346844067,447.05172008959215,247.2260314088438,5800.0,29.830346477489723,0.02091526561572865,network,medium,running
28ab492d-22d9-44ff-bd49-a9898915f8ac,2023-02-07 12:45:53,2.1286937675792705,34.55481013097283,358.26251960764944,236.71638280231429,6385.0,36.22846032967847,0.627229871027749,network,low,running
f28dc2d1-7e81-40c1-93a2-8694b0ef259d,2023-05-02 15:27:59,33.4217316709862,3.511967170525254,,428.2983778006412,7811.0,12.47404867474936,0.3411295384335912,network,medium,running
18386788-d186-4b94-be62-24e145869d77,2023-06-06 01:41:05,38.47889121850208,63.879002763457315,547.1741830765122,316.5308933052728,,68.29390771696016,,network,medium,waiting
1d57937c-6d81-4b5a-97dc-ad6a44736f7f,2023-04-29 04:21:36,90.5849054755699,15.195419233046936,345.32448108524494,47.68842805945683,7846.0,73.14276835634082,0.466519975299013,io,low,running
8a4b754d-9b34-4454-ae01-b0ba1626320f,2023-01-04 17:33:10,58.93336366255796,32.77204980552382,157.86039113977714,481.05612523468886,6208.0,35.25878705978681,0.08218207621840301,compute,high,
,2023-02-22 06:48:17,,47.82545367983045,167.92835570042396,442.9423262566722,2515.0,88.6838199409884,0.8950489056204796,compute,low,completed
6e8c1780-89ac-44d7-baac-f1377e109869,2023-04-04 16:53:21,82.85116589989718,1.527614666807997,,389.84110879870656,6879.0,33.54522924345027,0.23011628066753187,network,medium,
5215ade4-a230-43c2-94cd-b323037e1bd6,2023-02-18 16:40:48,22.503584165213574,,769.241598712125,121.25003834529835,1474.0,18.919895120531617,0.5290590197549334,network,medium,completed
7f8eab26-e617-4059-9b69-101a731b29c7,2023-01-19 18:07:43,11.184508800302329,56.05875683540599,369.298249658096,130.02415643435762,5471.0,55.14581649481647,,compute,low,running
db1a20c2-c966-4403-b903-e672aa83f09b,2023-04-23 03:18:02,63.83378412402001,51.43486766810048,,218.56159642381985,8107.0,95.3701296388652,0.664035816780861,network,low,completed
8b6ae604-28eb-49d3-a60a-2dcbd39db2e1,2023-07-17 19:37:50,76.70280655767813,59.40734581560807,639.8884714034731,,7197.0,28.715598271213636,0.9136217986466709,network,,completed
3b7fc152-1f9a-446e-b569-24965f87ce3c,2023-04-10 05:16:17,78.23452851833284,47.69084031854703,719.1857918796159,182.7902794891893,384.0,17.68358522712766,0.5279238596591975,network,high,running
a2d7263e-ab93-49b4-b2ee-a4483f41256d,2023-03-15 11:38:26,22.03865571677117,99.99548826374895,302.24253661965747,228.12976458500256,279.0,42.28597771053494,0.9858236298269026,compute,medium,completed
6923309b-7e56-4026-9630-d586b19ad0c8,2023-07-12 02:07:09,94.66240870513532,51.864009375091804,423.68836663191735,17.146632978890462,2512.0,85.34456569796764,0.45237715571275083,network,medium,running
89d8d21c-74f6-4db0-a5eb-84e77882e9a9,2023-06-18 17:40:22,7.834903615132161,56.574933621242515,243.2113677410862,155.3563049720493,834.0,1.5906941398411756,,,medium,running
,2023-06-17 18:22:33,66.87794501891386,13.54332247704252,84.81175002697883,153.82589972100465,162.0,85.27817710711383,0.6774577061107463,network,,running
52edebce-5959-4250-9a22-ae7800b4a479,2023-06-18 14:23:25,,,565.917785437028,115.41049010449738,4310.0,94.80573890375219,0.5811136405848047,compute,high,completed
09fd335d-29f0-437e-8235-7e5c6a6a32ed,2023-07-06 08:45:15,57.868345494788024,,231.39998968831043,254.61781812507317,3926.0,57.44284335189577,0.9453151061467726,,low,running
e0d8b15b-b293-495c-83f5-2340e27d2899,,23.519514553096744,8.511129116883698,464.72092125844534,237.16986639869253,358.0,54.840521242213455,0.33511481921281283,network,high,running
6e64e849-992a-4bf8-a783-574a24df6926,2023-06-30 00:28:56,39.049006197352455,63.074991551243855,277.8439254468481,170.20882157292587,,41.20022146733861,0.063508169626319,network,medium,running
57cbcbfd-e068-4b5f-9a3e-0b8c64a6c533,,57.777009578966656,14.556814189524125,59.70731768392601,393.8322595576552,2279.0,52.23271686968478,0.5684728213757964,io,high,completed
a441a684-5c4e-40ad-b805-2446c47b301a,2023-07-01 18:43:50,,10.271305929324148,595.9985288646136,388.55770378882175,5929.0,0.3848914542892601,,compute,medium,waiting
e39a488c-d234-4dde-8ef8-fa09bea00c2c,2023-06-28 17:00:29,92.70000137034872,9.26587554527385,80.63354007487023,89.76147109075322,2912.0,74.2944003288879,0.9778919329449535,network,high,completed
e053ecc8-248d-46fd-926a-578cf2e3a0e2,2023-04-21 11:28:43,70.79637198308573,82.04237752791038,883.5812419461151,358.824721520723,1102.0,30.787688867580187,0.5218351963210304,io,low,waiting
1dc0db2f-e4e6-4d52-837a-d55d21099494,2023-05-05 08:57:43,65.86786345439737,,49.86179515776479,340.04566837403723,3946.0,,0.016628279676092372,network,low,running
0cafa24e-4ba3-4f12-8b44-3934249557b5,2023-02-03 06:11:45,79.22528858034697,22.38920782318836,178.25475896769893,126.83535026592408,467.0,5.971522578276645,0.9101280377649651,compute,high,waiting
0104ed3e-abcd-4261-b4f6-1cbc004a8917,2023-03-22 13:29:32,1.0498282364069023,52.662689263813114,174.48847779270537,57.59848882412505,1187.0,72.95786584227969,0.05495687571204477,io,high,running
f333f34a-706c-4f77-a25b-ace8bc82e690,2023-03-15 05:57:09,85.76470418362175,39.324561600036056,594.1984475458247,126.02905640049516,7304.0,23.796047294646392,,network,medium,
48aae80b-a2f3-4c70-b31c-6bd9ad8077c2,2023-04-21 11:10:53,32.859886137280704,71.2975199103482,,246.61639816492132,9342.0,71.25854513229568,0.8868438073569257,compute,medium,completed
0f5c5e91-1196-4380-99ad-0bb54591ef42,2023-05-12 23:50:02,25.58885876496133,4.065927014785586,712.9404480725661,69.95479507480268,7808.0,79.89735773358228,0.35215499302089603,compute,high,
b231bafe-5409-425a-9e15-d99dc5939b36,2023-03-11 22:37:27,53.33319765889756,73.11051450770978,677.1528212697428,182.17279677223686,1456.0,,0.7312093592499239,compute,medium,waiting
b9b87b7a-5cbe-4fd5-9d58-7340f8ce6825,2023-05-08 21:12:35,45.62650728467338,46.77930593620595,,472.25533503975794,,93.69562293137511,,network,low,running
64cd82aa-3546-4575-b6fe-4faa2cc19980,2023-02-09 07:10:04,12.492005442650832,93.75067858202098,303.78725464116627,29.085573977144342,7434.0,37.53362638596256,0.4807699315432954,network,high,completed
